[
  {
    "ID": 152,
    "dto": "Recepcióon",
    "pregunta": "¿Cuál es el riesgo principal de modificar el localizador antes de que sincronice el channel manager?",
    "A": "El PMS crea una reserva duplicada",
    "B": "El channel no reconoce la reserva y puede cancelar la original",
    "C": "El cliente pierde la tarifa promocional",
    "D": "El email del cliente es eliminado",
    "Correcta": "B",
    "L": "B",
    "M": 1
  },
  {
    "ID": 153,
    "dto": "Recepcióon",
    "pregunta": "¿Qué debe hacerse antes de cerrar turno si existen reservas 'No Show' en sistema pero con huella de acceso SPA?",
    "A": "Marcarlas como Show y cobrar con tarjeta",
    "B": "Eliminar la huella SPA y mantener No Show",
    "C": "Verificar estancia en hotel, ajustar estado y facturar correctamente",
    "D": "Ignorarlas hasta auditoría",
    "Correcta": "C",
    "L": "C",
    "M": 1
  },
  {
    "ID": 154,
    "dto": "Recepcióon",
    "pregunta": "En reservas corporativas con pago directo, ¿cuándo procede solicitar prepago?",
    "A": "Nunca en corporativo",
    "B": "Cuando la empresa tiene historial de disputas o crédito agotado",
    "C": "Solo si es fin de semana",
    "D": "Cuando es reserva de larga estancia",
    "Correcta": "B",
    "L": "B",
    "M": 1
  },
  {
    "ID": 155,
    "dto": "Recepcióon",
    "pregunta": "¿Qué ocurre si una tarifa EBI se marca como 'Pago en hotel'?",
    "A": "No cambia nada",
    "B": "Se pierde la garantía y puede haber perjuicio económico",
    "C": "La tarifa sube automáticamente",
    "D": "El PMS envía notificación de corrección",
    "Correcta": "B",
    "L": "B",
    "M": 1
  },
  {
    "ID": 156,
    "dto": "Recepcióon",
    "pregunta": "¿Cuál es el procedimiento al detectar una reserva duplicada en PMS?",
    "A": "Eliminar una manualmente",
    "B": "Bloquear ambas y contactar al canal para validar",
    "C": "Permitir solo la más reciente",
    "D": "Cobrar ambas",
    "Correcta": "B",
    "L": "B",
    "M": 1
  },
  {
    "ID": 157,
    "dto": "Recepcióon",
    "pregunta": "¿Qué implica no marcar correctamente 'SP' en reservas Keytel con Spa?",
    "A": "No afecta a liquidación",
    "B": "La comisión se calcula mal y se desfasa liquidación y facturación",
    "C": "El cliente pierde acceso al Spa",
    "D": "Se bloquea la reserva",
    "Correcta": "B",
    "L": "B",
    "M": 1
  },
  {
    "ID": 158,
    "dto": "Recepcióon",
    "pregunta": "Si una agencia solicita cambio de nombre en reserva garantizada, ¿qué se debe hacer?",
    "A": "Cambiar directamente",
    "B": "Solicitar correo oficial de la agencia antes de modificar",
    "C": "Cancelar y crear nueva",
    "D": "Esperar al check-in",
    "Correcta": "B",
    "L": "B",
    "M": 1
  },
  {
    "ID": 159,
    "dto": "Recepcióon",
    "pregunta": "¿Qué riesgo existe si una habitación triple se asigna como doble por error?",
    "A": "El sistema la corrige solo",
    "B": "Bloquea inventario de triples y altera disponibilidad",
    "C": "No hay efecto operativo",
    "D": "El cliente recibe upgrade automático",
    "Correcta": "B",
    "L": "B",
    "M": 1
  },
  {
    "ID": 160,
    "dto": "Recepcióon",
    "pregunta": "¿Qué debe verificarse al convertir una reserva OTA a directa por solicitud del cliente?",
    "A": "Aplicar siempre tarifa OTA",
    "B": "Política comercial: tarifa directa nunca inferior sin equivalencia de condiciones",
    "C": "Eliminar la reserva OTA sin más",
    "D": "Cambiar canal sin registro",
    "Correcta": "B",
    "L": "B",
    "M": 1
  },
  {
    "ID": 161,
    "dto": "Recepcióon",
    "pregunta": "¿Cuál es el control clave en reservas NR al final del día?",
    "A": "Verificar precio correcto",
    "B": "Verificar cargos y evitar cancelaciones tardías sin cobro",
    "C": "Enviar email recordatorio",
    "D": "Asignar habitación fija",
    "Correcta": "B",
    "L": "B",
    "M": 1
  },
  {
    "ID": 162,
    "dto": "Recepcióon",
    "pregunta": "¿Qué hacer si channel cancela pero la reserva sigue activa en PMS?",
    "A": "Esperar 24h",
    "B": "Cancelar manualmente y documentar",
    "C": "Ignorar",
    "D": "Volver a cargar en PMS",
    "Correcta": "B",
    "L": "B",
    "M": 1
  },
  {
    "ID": 163,
    "dto": "Recepcióon",
    "pregunta": "¿Qué campo es obligatorio en bonos físicos?",
    "A": "Sólo nombre del cliente",
    "B": "Referencia exacta del bono",
    "C": "Email de agencia",
    "D": "Código postal",
    "Correcta": "B",
    "L": "B",
    "M": 1
  },
  {
    "ID": 164,
    "dto": "Recepcióon",
    "pregunta": "En una reserva de grupo, ¿cuándo puede modificarse la distribución de habitaciones?",
    "A": "Cuando lleguen los clientes",
    "B": "Según rooming list confirmada o autorización escrita",
    "C": "Nunca",
    "D": "Cuando recepción lo estime",
    "Correcta": "B",
    "L": "B",
    "M": 1
  },
  {
    "ID": 165,
    "dto": "Recepcióon",
    "pregunta": "¿Qué se debe comprobar al registrar prepago manual?",
    "A": "Solo que exista movimiento bancario",
    "B": "Concordancia de importe, referencia, fecha y titular",
    "C": "Hora de creación de reserva",
    "D": "Nombre del recepcionista",
    "Correcta": "B",
    "L": "B",
    "M": 1
  },
  {
    "ID": 166,
    "dto": "Recepcióon",
    "pregunta": "Uso correcto del campo 'Cargos' en PMS con Keytel Spa:",
    "A": "Anotar nombre del cliente",
    "B": "Escribir SP junto a la referencia en tres puntos",
    "C": "Dejar vacío si tarifa incluye Spa",
    "D": "Usar códigos personalizados",
    "Correcta": "B",
    "L": "B",
    "M": 1
  },
  {
    "ID": 167,
    "dto": "Recepcióon",
    "pregunta": "¿Qué hacer si el cliente presenta bono sin código válido?",
    "A": "Aceptar siempre",
    "B": "Solicitar evidencia digital válida o rechazo según política",
    "C": "Crear código ficticio",
    "D": "Cargar sin comprobación",
    "Correcta": "B",
    "L": "B",
    "M": 1
  },
  {
    "ID": 168,
    "dto": "Recepcióon",
    "pregunta": "Control crítico de reservas con tarjeta rechazada:",
    "A": "Esperar al check‑in",
    "B": "Solicitar tarjeta válida y registrar intento",
    "C": "Anular automáticamente",
    "D": "Cambiar a pago directo sin comunicación",
    "Correcta": "B",
    "L": "B",
    "M": 1
  },
  {
    "ID": 169,
    "dto": "Recepcióon",
    "pregunta": "¿Cómo actuar ante error 'tarifa no aplicable al mercado'?",
    "A": "Eliminar tarifa",
    "B": "Escalar a revenue y bloquear ventas afectadas",
    "C": "Ignorar mensaje",
    "D": "Reasignar a tarifa BAR sin aviso",
    "Correcta": "B",
    "L": "B",
    "M": 1
  },
  {
    "ID": 170,
    "dto": "Recepcióon",
    "pregunta": "¿Qué revisar al aplicar tarifa corporativa dinámica TravelPerk?",
    "A": "Aplicar siempre 15%",
    "B": "Paridad vs BAR y política: nunca inferior a Booking en mismas condiciones",
    "C": "Eliminar comisión",
    "D": "Asignar canal directo",
    "Correcta": "B",
    "L": "B",
    "M": 1
  },
  {
    "ID": 171,
    "dto": "Recepcióon",
    "pregunta": "¿Cuál es el riesgo de no registrar 'bono requerido' en reservas Bono Spa?",
    "A": "Cliente espera upgrade",
    "B": "Desajuste contable y pérdida económica",
    "C": "Sólo afecta estadísticas",
    "D": "No hay impacto real",
    "Correcta": "B",
    "L": "B",
    "M": 1
  },
  {
    "ID": 172,
    "dto": "Recepcióon",
    "pregunta": "Acción si cliente dice 'agencia me dijo que estaba pagado' pero no hay prepago:",
    "A": "Aceptar",
    "B": "Solicitar comprobante y llamar agencia; si no, cobrar en hotel",
    "C": "Asignar crédito automático",
    "D": "Esperar cierre",
    "Correcta": "B",
    "L": "B",
    "M": 1
  },
  {
    "ID": 173,
    "dto": "Recepcióon",
    "pregunta": "Al cambiar fechas en PMS manualmente:",
    "A": "Channel reenvía disponibilidad igual",
    "B": "Puede romper vinculación y generar tarifa errónea o sobreventa",
    "C": "Afecta solo precio",
    "D": "Cliente asume diferencia",
    "Correcta": "B",
    "L": "B",
    "M": 1
  },
  {
    "ID": 174,
    "dto": "Recepcióon",
    "pregunta": "¿Qué revisar en reservas con niños en OTA?",
    "A": "Nada especial",
    "B": "Reglas de ocupación, suplementos y edades configuradas",
    "C": "Cobrar suplemento siempre",
    "D": "Cambiarlas a directa",
    "Correcta": "B",
    "L": "B",
    "M": 1
  },
  {
    "ID": 175,
    "dto": "Recepcióon",
    "pregunta": "¿Cuándo generar cargo manual de Spa en PMS?",
    "A": "Nunca, se hace automático",
    "B": "Cuando tarifa no lo incluye y cliente consume Spa",
    "C": "Cuando cliente mira el Spa",
    "D": "Siempre",
    "Correcta": "B",
    "L": "B",
    "M": 1
  },
  {
    "ID": 176,
    "dto": "Recepcióon",
    "pregunta": "Reserva VIP canal Sercotel Rewards:",
    "A": "Asignar upgrade sin registro",
    "B": "Seguir política: upgrade sujeto a disponibilidad y registro Rewards",
    "C": "Aplicar tarifa OTA",
    "D": "Eliminar puntos",
    "Correcta": "B",
    "L": "B",
    "M": 1
  },
  {
    "ID": 177,
    "dto": "Recepcióon",
    "pregunta": "¿Qué debe revisarse al hacer downgrade de Suite a Doble?",
    "A": "Sólo precio",
    "B": "Diferencia tarifaria, comunicación y confirmación del huésped",
    "C": "Cancelar reserva",
    "D": "Nada, sistema lo corrige",
    "Correcta": "B",
    "L": "B",
    "M": 1
  },
  {
    "ID": 178,
    "dto": "Recepcióon",
    "pregunta": "Errores recurrentes 'no se encontró la reserva' suelen venir de:",
    "A": "Horas pico",
    "B": "Modificar localizador antes de tiempo",
    "C": "Antivirus",
    "D": "Wifi débil",
    "Correcta": "B",
    "L": "B",
    "M": 1
  },
  {
    "ID": 179,
    "dto": "Recepcióon",
    "pregunta": "Control obligatorio últimas 48h grupos:",
    "A": "Nada, ya está confirmado",
    "B": "Verificar rooming, pagos, bloqueos y condiciones de cancelación",
    "C": "Hacer check‑in anticipado",
    "D": "Asignar habitaciones",
    "Correcta": "B",
    "L": "B",
    "M": 1
  },
  {
    "ID": 180,
    "dto": "Recepcióon",
    "pregunta": "Si cliente solicita factura con CIF distinto al pagador:",
    "A": "Emitirla",
    "B": "Seguir normativa: facturar a quien paga salvo contrato/justificación",
    "C": "Ignorar",
    "D": "Pedir correo del socio",
    "Correcta": "B",
    "L": "B",
    "M": 1
  },
  {
    "ID": 181,
    "dto": "Recepcióon",
    "pregunta": "Al detectar overbooking real:",
    "A": "Cerrar recepción",
    "B": "Aplicar protocolo: recolocación, coste asumido, upgrade y comunicación transparente",
    "C": "Evitar comunicar al cliente",
    "D": "Cancelar reservas aleatoriamente",
    "Correcta": "B",
    "L": "B",
    "M": 1
  }
]