{
  "operativa_turnos": {
    "name": "Operativa Turnos",
    "levels": {
      "basico": {
        "agg": "operativa_turnos_basico.json"
      },
      "intermedio": {
        "agg": "operativa_turnos_intermedio.json"
      },
      "avanzado": {
        "agg": "operativa_turnos_avanzado.json"
      }
    }
  },
  "reservas": {
    "name": "Reservas",
    "levels": {
      "basico": {
        "agg": "reservas_basico.json"
      },
      "intermedio": {
        "agg": "reservas_intermedio.json"
      },
      "avanzado": {
        "agg": "reservas_avanzado.json"
      }
    }
  },
  "errores_comunes": {
    "name": "Errores Comunes",
    "levels": {
      "avanzado": {
        "agg": "errores_comunes_avanzado.json"
      }
    }
  }
}