[
  {
    "ID": 26,
    "dto": "Recepcióon",
    "pregunta": "¿Por qué es importante revisar el rack al inicio del turno?",
    "A": "Para saber cuántos empleados hay",
    "B": "Para tener una visión global del inventario real y evitar overbooking",
    "C": "Para imprimir listados de nómina",
    "D": "Para saber qué habitaciones están decoradas",
    "Correcta": "B",
    "L": "B",
    "M": 1
  },
  {
    "ID": 27,
    "dto": "Recepcióon",
    "pregunta": "¿Qué debe hacer el turno de mañana si un huésped quiere hacer late check-out?",
    "A": "Registrar la solicitud y coordinar con Housekeeping para la limpieza posterior",
    "B": "Decir que no es posible en ningún caso",
    "C": "Cobrar inmediatamente sin consultar política",
    "D": "Asignar otra habitación sin más",
    "Correcta": "A",
    "L": "A",
    "M": 1
  },
  {
    "ID": 28,
    "dto": "Recepcióon",
    "pregunta": "¿Por qué se revisan las reservas \"por segunda vez\" en el turno de mañana?",
    "A": "Porque el turno de noche ya lo hizo, y se confirma exactitud de datos",
    "B": "Porque el PMS se borra cada noche",
    "C": "Porque los huéspedes cambian de idea",
    "D": "Es un error del documento",
    "Correcta": "A",
    "L": "A",
    "M": 1
  },
  {
    "ID": 29,
    "dto": "Recepcióon",
    "pregunta": "¿Qué implica \"evitar huecos difíciles de asignar\" al distribuir habitaciones?",
    "A": "Asignar habitaciones consecutivas o por plantas para facilitar el trabajo de limpieza",
    "B": "Dejar habitaciones vacías entre ocupadas",
    "C": "Asignar solo habitaciones con vistas",
    "D": "No asignar habitaciones en la última planta",
    "Correcta": "A",
    "L": "A",
    "M": 1
  },
  {
    "ID": 30,
    "dto": "Recepcióon",
    "pregunta": "¿Qué debe hacer el turno de tarde si un huésped amplía su estancia?",
    "A": "Registrar el cambio en el PMS y actualizar la factura futura",
    "B": "Esperar al turno de mañana",
    "C": "No hacer nada si ya está pagado",
    "D": "Decirle que debe irse igual",
    "Correcta": "A",
    "L": "A",
    "M": 1
  },
  {
    "ID": 31,
    "dto": "Recepcióon",
    "pregunta": "¿Por qué es clave comunicar a A&B el número de huéspedes con pensión?",
    "A": "Para que preparen la cantidad adecuada de comida y suministros",
    "B": "Porque los huéspedes pagan más",
    "C": "Por protocolo de limpieza",
    "D": "Para que abran más tiempo",
    "Correcta": "A",
    "L": "A",
    "M": 1
  },
  {
    "ID": 32,
    "dto": "Recepcióon",
    "pregunta": "¿Qué debe hacer el turno de noche con las llegadas después de imprimir el listado para Housekeeping?",
    "A": "No hacer nada",
    "B": "Anótarlas a mano en el propio listado",
    "C": "Esperar al día siguiente",
    "D": "Imprimir otro listado completo",
    "Correcta": "B",
    "L": "B",
    "M": 1
  },
  {
    "ID": 33,
    "dto": "Recepcióon",
    "pregunta": "¿Qué se debe verificar al facturar a una agencia (TTOO)?",
    "A": "Que el huésped haya dejado propina",
    "B": "Que el bono, tarifa, fechas y saldo coincidan con la reserva",
    "C": "Que la habitación esté limpia",
    "D": "Que el huésped haya firmado el libro de visitas",
    "Correcta": "B",
    "L": "B",
    "M": 1
  },
  {
    "ID": 34,
    "dto": "Recepcióon",
    "pregunta": "¿Por qué se debe revisar el LOG CHANNEL al final del turno?",
    "A": "Para detectar errores en garantías, releases o bonos que afecten a la facturación o disponibilidad",
    "B": "Por cumplir un trámite",
    "C": "Porque lo pide el gerente cada día",
    "D": "Para saber cuántos huéspedes han llegado",
    "Correcta": "A",
    "L": "A",
    "M": 1
  },
  {
    "ID": 35,
    "dto": "Recepcióon",
    "pregunta": "¿Qué debe hacer el turno de mañana si un huésped llega temprano y su habitación no está lista?",
    "A": "Decirle que espere en la calle",
    "B": "Ofrecer guardar equipaje y acceso a áreas comunes",
    "C": "Denegarle la entrada hasta que esté lista",
    "D": "Cobrar una noche extra",
    "Correcta": "B",
    "L": "B",
    "M": 1
  },
  {
    "ID": 36,
    "dto": "Recepcióon",
    "pregunta": "¿Qué prioridad tiene el mantenimiento según el turno de mañana?",
    "A": "Las averías de zonas comunes",
    "B": "Las averías de habitaciones ocupadas",
    "C": "Las pinturas",
    "D": "Las luces del parking",
    "Correcta": "B",
    "L": "B",
    "M": 1
  },
  {
    "ID": 37,
    "dto": "Recepcióon",
    "pregunta": "¿Qué significa \"Rv. Org. Suite\" en observaciones?",
    "A": "Que la reserva es de una suite organizada por la recepción",
    "B": "Que el huésped pidió una suite aunque la reserva es de otro tipo",
    "C": "Que es una habitación estándar",
    "D": "Que la suite está fuera de servicio",
    "Correcta": "B",
    "L": "B",
    "M": 1
  },
  {
    "ID": 38,
    "dto": "Recepcióon",
    "pregunta": "¿Qué debe hacer el turno de tarde con los grupos?",
    "A": "Registrarlos en el PMS y coordinar con restaurante horarios y menús",
    "B": "Tratarlos como huéspedes individuales",
    "C": "No hacer nada especial",
    "D": "Esperar instrucciones del turno de noche",
    "Correcta": "A",
    "L": "A",
    "M": 1
  },
  {
    "ID": 39,
    "dto": "Recepcióon",
    "pregunta": "¿Por qué es importante el relevo verbal al final del turno?",
    "A": "Para socializar con el compañero",
    "B": "Para asegurar que las incidencias pendientes se gestionen sin interrupción",
    "C": "Porque es obligatorio por ley",
    "D": "Para justificar horas extra",
    "Correcta": "B",
    "L": "B",
    "M": 1
  },
  {
    "ID": 40,
    "dto": "Recepcióon",
    "pregunta": "¿Qué se debe hacer si un walk-in llega de noche en estado de embriaguez?",
    "A": "Admitirlo sin más",
    "B": "Valorar admisión y negarla si hay riesgo",
    "C": "Asignar la peor habitación",
    "D": "Esperar a que se le pase",
    "Correcta": "B",
    "L": "B",
    "M": 1
  },
  {
    "ID": 41,
    "dto": "Recepcióon",
    "pregunta": "¿Qué implica \"cuadrar la caja\"?",
    "A": "Contar solo el efectivo",
    "B": "Verificar que efectivo, tarjetas y movimientos coincidan con el PMS",
    "C": "Dejar el dinero en la caja sin más",
    "D": "Hacer un informe verbal",
    "Correcta": "B",
    "L": "B",
    "M": 1
  },
  {
    "ID": 42,
    "dto": "Recepcióon",
    "pregunta": "¿Qué se debe hacer con las reservas que no cumplen requisitos a las 21:00?",
    "A": "Esperar hasta las 23:00",
    "B": "Anularlas según política",
    "C": "Darles habitación igual",
    "D": "No hacer nada",
    "Correcta": "B",
    "L": "B",
    "M": 1
  },
  {
    "ID": 43,
    "dto": "Recepcióon",
    "pregunta": "¿Qué se debe hacer si un huésped se queja durante el turno de tarde?",
    "A": "Registrar en sistema de incidencias y escalar si procede",
    "B": "Ignorarla si es menor",
    "C": "Decirle que hable con el turno de mañana",
    "D": "Escribirla en un papel suelto",
    "Correcta": "A",
    "L": "A",
    "M": 1
  },
  {
    "ID": 44,
    "dto": "Recepcióon",
    "pregunta": "¿Por qué se debe mantener la agenda de novedades limpia?",
    "A": "Para ahorrar papel",
    "B": "Para que solo se vea información relevante y actual (máx. 1 semana)",
    "C": "Porque lo pide el gerente",
    "D": "Por estética",
    "Correcta": "B",
    "L": "B",
    "M": 1
  },
  {
    "ID": 45,
    "dto": "Recepcióon",
    "pregunta": "¿Qué se debe hacer con los no shows en el turno de noche?",
    "A": "Cancelar sin más",
    "B": "Cargarlos antes del cierre según política de tarifa e informar en OTA si aplica",
    "C": "Darles habitación hasta las 2:00",
    "D": "Esperar al turno de mañana",
    "Correcta": "B",
    "L": "B",
    "M": 1
  },
  {
    "ID": 46,
    "dto": "Recepcióon",
    "pregunta": "Un huésped con reserva no garantizada no llega a las 21:00. ¿Qué debe hacer el turno de tarde?",
    "A": "Esperar hasta las 23:00",
    "B": "Anular la reserva según política de reléase",
    "C": "Cobrar una noche igual",
    "D": "Asignar la habitación a un walk-in sin más",
    "Correcta": "B",
    "L": "B",
    "M": 1
  },
  {
    "ID": 47,
    "dto": "Recepcióon",
    "pregunta": "¿Qué riesgo hay si no se actualiza el estado de una habitación reparada por mantenimiento?",
    "A": "Overbooking, asignación incorrecta o mala experiencia del huésped",
    "B": "No hay riesgo",
    "C": "Que el PMS se bloquee",
    "D": "Que el huésped no pague",
    "Correcta": "A",
    "L": "A",
    "M": 1
  },
  {
    "ID": 48,
    "dto": "Recepcióon",
    "pregunta": "Un huésped pide factura a nombre de su empresa, pero pagó en efectivo. ¿Qué debe verificar el recepcionista?",
    "A": "Que la empresa esté en la lista negra",
    "B": "Que tenga autorización válida (bono/email) y registrar ambos datos en PMS para cumplir con Hacienda",
    "C": "Que el huésped sea director",
    "D": "Dar la factura sin más",
    "Correcta": "B",
    "L": "B",
    "M": 1
  },
  {
    "ID": 49,
    "dto": "Recepcióon",
    "pregunta": "¿Por qué es crítico revisar las \"características extendidas\" (Sup, Cun) al asignar habitaciones?",
    "A": "Porque si no se cumplen, genera insatisfacción y posibles quejas o cancelaciones",
    "B": "Porque el PMS se bloquea",
    "C": "Porque Housekeeping cobra extra",
    "D": "No es importante",
    "Correcta": "A",
    "L": "A",
    "M": 1
  },
  {
    "ID": 50,
    "dto": "Recepcióon",
    "pregunta": "¿Qué debe hacer el turno de noche si recibe una llamada de emergencia médica?",
    "A": "Valorar conciencia/respiración, llamar 112 si hay riesgo vital, asistir solo si está capacitado y registrar",
    "B": "Avisar solo a gerencia",
    "C": "Esperar a que llegue el turno de mañana",
    "D": "Ignorar si es de madrugada",
    "Correcta": "A",
    "L": "A",
    "M": 1
  }
]