[
  {
    "ID": 1,
    "dto": "Recepcióon",
    "pregunta": "¿A qué hora se recomienda que llegue el recepcionista para el turno de mañana?",
    "A": "06:45:00",
    "B": "06:50 – 06:55",
    "C": "07:00 en punto",
    "D": "Ninguna es correcta ",
    "Correcta": "B",
    "L": "B",
    "M": 1
  },
  {
    "ID": 2,
    "dto": "Recepcióon",
    "pregunta": "¿Qué debe hacer el recepcionista al inicio del turno de mañana?",
    "A": "Revisar redes sociales",
    "B": "Revisar la agenda de novedades con el turno anterior",
    "C": "Ir directamente a atender huéspedes",
    "D": "Imprimir solo las salidas",
    "Correcta": "B",
    "L": "B",
    "M": 1
  },
  {
    "ID": 3,
    "dto": "Recepcióon",
    "pregunta": "¿Qué listados se imprimen al inicio del turno de mañana?",
    "A": "Listado de empleados",
    "B": "Listado de reservas del día, situación de habitaciones y salidas/entradas",
    "C": "Listado de proveedores",
    "D": "Listado de menús del restaurante",
    "Correcta": "B",
    "L": "B",
    "M": 1
  },
  {
    "ID": 4,
    "dto": "Recepcióon",
    "pregunta": "¿Qué significa \"FdS\" en los manuales?",
    "A": "Factura de Servicio",
    "B": "Fuera de Servicio",
    "C": "Fecha de Salida",
    "D": "Firma digital",
    "Correcta": "B",
    "L": "B",
    "M": 1
  },
  {
    "ID": 5,
    "dto": "Recepcióon",
    "pregunta": "¿Está permitido coger dinero de la caja dejando un vale?",
    "A": "Sí, si es para emergencias",
    "B": "Sí, con autorización verbal",
    "C": "No, está terminantemente prohibido",
    "D": "Solo los supervisores pueden hacerlo",
    "Correcta": "C",
    "L": "C",
    "M": 1
  },
  {
    "ID": 6,
    "dto": "Recepcióon",
    "pregunta": "¿Qué se debe hacer al finalizar el turno de tarde?",
    "A": "Cuadrar la caja, redactar informe de novedades y organizar el espacio",
    "B": "Irse directamente si no hay huéspedes",
    "C": "Dejar la caja abierta para el siguiente turno",
    "D": "No es necesario informar al turno de noche",
    "Correcta": "A",
    "L": "A",
    "M": 1
  },
  {
    "ID": 7,
    "dto": "Recepcióon",
    "pregunta": "¿Qué es un \"walk-in\"?",
    "A": "Un huésped que llega sin reserva",
    "B": "Un huésped VIP",
    "C": "Un error en el PMS",
    "D": "Una habitación con vistas",
    "Correcta": "A",
    "L": "A",
    "M": 1
  },
  {
    "ID": 8,
    "dto": "Recepcióon",
    "pregunta": "¿A qué hora se revisan las llegadas pendientes en el turno de tarde?",
    "A": "18:00:00",
    "B": "20:00:00",
    "C": "21:00:00",
    "D": "22:00:00",
    "Correcta": "C",
    "L": "C",
    "M": 1
  },
  {
    "ID": 9,
    "dto": "Recepcióon",
    "pregunta": "¿Qué debe hacer el turno de noche antes del cierre?",
    "A": "Cuadrar la caja, gestionar no shows y revisar reservas",
    "B": "Cerrar el hotel al público",
    "C": "Apagar todas las luces",
    "D": "Irse a descansar",
    "Correcta": "C",
    "L": "C",
    "M": 1
  },
  {
    "ID": 10,
    "dto": "Recepcióon",
    "pregunta": "¿Qué se imprime para Housekeeping en el turno de noche?",
    "A": "Listado de salidas",
    "B": "Listado completo de situación de habitaciones",
    "C": "Listado de huéspedes VIP",
    "D": "Listado de pagos pendientes",
    "Correcta": "B",
    "L": "B",
    "M": 1
  },
  {
    "ID": 11,
    "dto": "Recepcióon",
    "pregunta": "¿Qué se debe verificar al hacer check-in nocturno?",
    "A": "Solo el nombre del huésped",
    "B": "Reserva, identidad y método de pago/garantía",
    "C": "Si el huésped trae equipaje",
    "D": "Si habla español",
    "Correcta": "B",
    "L": "B",
    "M": 1
  },
  {
    "ID": 12,
    "dto": "Recepcióon",
    "pregunta": "¿Qué significa \"Sup\" en las observaciones de una reserva?",
    "A": "Superficie",
    "B": "Supletoria (cama extra)",
    "C": "Supervisor",
    "D": "Superior room",
    "Correcta": "B",
    "L": "B",
    "M": 1
  },
  {
    "ID": 13,
    "dto": "Recepcióon",
    "pregunta": "¿Quién debe ser informado de la llegada de un cliente VIP?",
    "A": "Mantenimiento",
    "B": "Housekeeping",
    "C": "Gerencia",
    "D": "Restaurante",
    "Correcta": "C",
    "L": "C",
    "M": 1
  },
  {
    "ID": 14,
    "dto": "Recepcióon",
    "pregunta": "¿Qué se debe hacer con las facturas a crédito en el turno de noche?",
    "A": "Archivarlas sin revisar",
    "B": "Imprimirlas y comprobar datos (bono, tarifa, fechas, saldo)",
    "C": "Enviarlas por email",
    "D": "Esperar al turno de mañana",
    "Correcta": "B",
    "L": "B",
    "M": 1
  },
  {
    "ID": 15,
    "dto": "Recepcióon",
    "pregunta": "¿Qué se debe hacer si un huésped pide late check-out?",
    "A": "Gestionarlo según protocolo y registrar en el sistema",
    "B": "Denegarlo siempre",
    "C": "Esperar a que se vaya sin avisar",
    "D": "Cobrar el doble",
    "Correcta": "A",
    "L": "A",
    "M": 1
  },
  {
    "ID": 16,
    "dto": "Recepcióon",
    "pregunta": "¿Qué se debe hacer con los objetos perdidos de habitaciones con salida del día?",
    "A": "Tirarlos si no son valiosos",
    "B": "Registrarlos y custodiarlos según protocolo",
    "C": "Entregarlos al siguiente huésped",
    "D": "Dejarlos en recepción sin más",
    "Correcta": "B",
    "L": "B",
    "M": 1
  },
  {
    "ID": 17,
    "dto": "Recepcióon",
    "pregunta": "¿Qué se revisa en el LOG CHANNEL al final del turno de tarde?",
    "A": "Los mensajes de WhatsApp",
    "B": "Las garantías, reléase y bonos “asume crédito” acordes con tarifa y canal",
    "C": "Los correos no leídos",
    "D": "El estado del TPV",
    "Correcta": "B",
    "L": "B",
    "M": 1
  },
  {
    "ID": 18,
    "dto": "Recepcióon",
    "pregunta": "¿Qué debe hacer el turno de mañana con las salidas?",
    "A": "Verificar saldos, cargos y facturas a crédito",
    "B": "Acelerar la salida de todos los huéspedes",
    "C": "Ignorar los cargos menores",
    "D": "No facturar si el huésped es habitual",
    "Correcta": "A",
    "L": "A",
    "M": 1
  },
  {
    "ID": 19,
    "dto": "Recepcióon",
    "pregunta": "¿Qué se debe hacer al asignar habitaciones en el turno de mañana?",
    "A": "Asignar al azar",
    "B": "Evitar huecos difíciles de asignar y considerar solicitudes específicas",
    "C": "Asignar siempre la habitación más cara",
    "D": "No tener en cuenta el rack",
    "Correcta": "B",
    "L": "B",
    "M": 1
  },
  {
    "ID": 20,
    "dto": "Recepcióon",
    "pregunta": "¿Qué se debe hacer si el personal de limpieza no puede limpiar todas las habitaciones?",
    "A": "Bloquear habitaciones en el PMS sin autorización",
    "B": "Avisar a dirección para que tome la decisión",
    "C": "Saltar habitaciones sin avisar",
    "D": "Decirle al huésped que espere",
    "Correcta": "B",
    "L": "B",
    "M": 1
  },
  {
    "ID": 21,
    "dto": "Recepcióon",
    "pregunta": "¿Qué se debe hacer con las reservas fuera de reléase en el turno de mañana?",
    "A": "Ignorarlas",
    "B": "Hacer check-in igual",
    "C": "Cobrar las que procedan",
    "D": "Darlas por canceladas sin más",
    "Correcta": "C",
    "L": "C",
    "M": 1
  },
  {
    "ID": 22,
    "dto": "Recepcióon",
    "pregunta": "¿Qué se debe hacer al finalizar el turno de noche?",
    "A": "Dejar todo listo para el equipo de mañana: listados, incidencias, espacio ordenado",
    "B": "Irse sin informar si no hay novedades",
    "C": "Apagar el PMS",
    "D": "No imprimir nada",
    "Correcta": "A",
    "L": "A",
    "M": 1
  },
  {
    "ID": 23,
    "dto": "Recepcióon",
    "pregunta": "¿Qué se debe revisar en el MR-HOSPE al final de los turnos?",
    "A": "Que no haya errores",
    "B": "Que esté en blanco",
    "C": "Que tenga todas las habitaciones ocupadas",
    "D": "Que coincida con el WhatsApp",
    "Correcta": "A",
    "L": "A",
    "M": 1
  },
  {
    "ID": 24,
    "dto": "Recepcióon",
    "pregunta": "¿Qué se debe hacer si hay un incendio?",
    "A": "Usar el ascensor para evacuar",
    "B": "Activar alarma, llamar 112, evacuar por escaleras y registrar",
    "C": "Cerrar la puerta y esperar",
    "D": "Salir corriendo sin avisar a nadie",
    "Correcta": "B",
    "L": "B",
    "M": 1
  },
  {
    "ID": 25,
    "dto": "Recepcióon",
    "pregunta": "¿Qué se debe hacer con los correos electrónicos durante el turno?",
    "A": "Responder solo los urgentes",
    "B": "Dejarlos para el turno siguiente",
    "C": "Mantener la bandeja al día y responder en tiempo hábil",
    "D": "Ignorar los de OTAs",
    "Correcta": "C",
    "L": "C",
    "M": 1
  }
]