[
  {
    "ID": 51,
    "dto": "Recepcióon",
    "pregunta": "¿Qué implica un error en el MR-HOSPE?",
    "A": "Discrepancia entre ingresos reales y registrados, afectando auditoría y contabilidad",
    "B": "No afecta en nada",
    "C": "Que el hotel cierra",
    "D": "Que los huéspedes no pueden salir",
    "Correcta": "A",
    "L": "A",
    "M": 1
  },
  {
    "ID": 52,
    "dto": "Recepcióon",
    "pregunta": "Un huésped se queja de ruido a las 2:00 AM. ¿Qué debe hacer el recepcionista de noche?",
    "A": "Confrontar al huésped ruidoso",
    "B": "Aplicar protocolo de altercados: desescalar, dar avisos formales, y si persiste, avisar a autoridades (091) si hay riesgo",
    "C": "Decirle que espere al día siguiente",
    "D": "Ignorar porque es de noche",
    "Correcta": "B",
    "L": "B",
    "M": 1
  },
  {
    "ID": 53,
    "dto": "Recepcióon",
    "pregunta": "¿Por qué se debe archivar el cierre de caja en un sobre firmado?",
    "A": "Para trazabilidad, control interno y auditoría futura",
    "B": "Por burocracia",
    "C": "Porque lo pide el banco",
    "D": "Para que el gerente lo vea",
    "Correcta": "A",
    "L": "A",
    "M": 1
  },
  {
    "ID": 54,
    "dto": "Recepcióon",
    "pregunta": "¿Qué debe hacer el turno de mañana si una habitación VIP tiene avería y llega un cliente importante?",
    "A": "Asignar igual y disculparse",
    "B": "Priorizar reparación con mantenimiento, y si no es posible, asignar upgrade con amenities",
    "C": "Avisar solo a gerencia y esperar",
    "D": "Decirle al huésped que espere en el lobby",
    "Correcta": "B",
    "L": "B",
    "M": 1
  },
  {
    "ID": 55,
    "dto": "Recepcióon",
    "pregunta": "¿Qué se debe hacer si en el LOG CHANNEL se detecta que una reserva OTA no tiene garantía pero la tarifa lo exige?",
    "A": "Cancelar la reserva inmediatamente",
    "B": "Verificar en canal, aplicar política de no show si aplica y notificar a OTA si es necesario",
    "C": "Esperar a que el huésped llegue",
    "D": "No hacer nada",
    "Correcta": "A",
    "L": "A",
    "M": 1
  },
  {
    "ID": 56,
    "dto": "Recepcióon",
    "pregunta": "Un grupo tiene bono \"asume crédito\", pero no se refleja en PMS. ¿Qué riesgo hay?",
    "A": "Que se cobre al grupo en check-out generando conflicto",
    "B": "Que el grupo no pueda entrar",
    "C": "Que Housekeeping no limpie",
    "D": "Que el restaurante no los atienda",
    "Correcta": "A",
    "L": "A",
    "M": 1
  },
  {
    "ID": 57,
    "dto": "Recepcióon",
    "pregunta": "¿Por qué es importante que el turno de noche deje listados impresos para la mañana?",
    "A": "Porque el PMS no funciona por la mañana",
    "B": "Porque permite al equipo de mañana enfocarse en servicio desde el primer minuto sin perder tiempo en generación de informes",
    "C": "Ahorrar electricidad",
    "D": "Por tradición",
    "Correcta": "A",
    "L": "A",
    "M": 1
  },
  {
    "ID": 58,
    "dto": "Recepcióon",
    "pregunta": "¿Qué debe hacer el turno de tarde si un huésped pide ampliar estancia, pero no hay disponibilidad?",
    "A": "Ofrecer alternativas (cambio de habitación, early check-out al día siguiente) o gestionar con gerencia",
    "B": "Decir que no hay nada y que se vaya",
    "C": "Esperar a ver si alguien cancela",
    "D": "No registrar la solicitud",
    "Correcta": "A",
    "L": "A",
    "M": 1
  },
  {
    "ID": 59,
    "dto": "Recepcióon",
    "pregunta": "¿Qué implica no registrar una incidencia de seguridad (ej.: altercado)?",
    "A": "Falta de trazabilidad, imposibilidad de seguimiento y riesgo legal para el hotel",
    "B": "No hay consecuencias",
    "C": "Que el huésped no vuelva",
    "D": "Que el gerente se enoje",
    "Correcta": "A",
    "L": "A",
    "M": 1
  },
  {
    "ID": 60,
    "dto": "Recepcióon",
    "pregunta": "¿Qué debe verificar el turno de noche en las facturas a crédito de empresas?",
    "A": "Que el logo de la empresa sea bonito",
    "B": "Que bono, comisiones, tarifa, fechas, saldo y soportes estén correctos y completos",
    "C": "Que el huésped haya firmado el libro de visitas",
    "D": "Que la habitación esté limpia",
    "Correcta": "B",
    "L": "B",
    "M": 1
  },
  {
    "ID": 61,
    "dto": "Recepcióon",
    "pregunta": "Un huésped llega de noche sin DNI. ¿Qué debe hacer el recepcionista?",
    "A": "Hacer check-in igual",
    "B": "Exigir identificación válida (DNI/pasaporte) antes de entregar llave",
    "C": "Esperar a que traiga el DNI por la mañana",
    "D": "Registrar con nombre y apellidos",
    "Correcta": "A",
    "L": "A",
    "M": 1
  },
  {
    "ID": 62,
    "dto": "Recepcióon",
    "pregunta": "¿Qué debe hacer el turno de mañana si Housekeeping reporta que no puede limpiar habitaciones por falta de personal?",
    "A": "Avisar a dirección para que decida; solo bloquear en PMS si está autorizado",
    "B": "Bloquear habitaciones sin avisar",
    "C": "Decirle a los huéspedes que limpien ellos",
    "D": "Esperar a que llegue más personal",
    "Correcta": "A",
    "L": "A",
    "M": 1
  },
  {
    "ID": 63,
    "dto": "Recepcióon",
    "pregunta": "¿Por qué se debe revisar el channel manager al inicio del turno de mañana?",
    "A": "Para detectar reservas no sincronizadas con el PMS y evitar overbooking o errores de asignación",
    "B": "Por rutina",
    "C": "Porque el gerente lo pide cada hora",
    "D": "Para saber qué OTAs usan los huéspedes",
    "Correcta": "A",
    "L": "A",
    "M": 1
  },
  {
    "ID": 64,
    "dto": "Recepcióon",
    "pregunta": "¿Qué debe hacer el turno de noche si hay un fallo eléctrico en una zona?",
    "A": "Detectar alcance, priorizar seguridad, avisar a dirección/mantenimiento, mitigar impacto y registrar",
    "B": "Avisar solo a Housekeeping",
    "C": "Esperar a que se repare solo",
    "D": "Apagar todo el hotel",
    "Correcta": "A",
    "L": "A",
    "M": 1
  },
  {
    "ID": 65,
    "dto": "Recepcióon",
    "pregunta": "¿Qué se debe hacer si un huésped pide no registrar un cargo en su factura por discreción?",
    "A": "Acceder a la solicitud",
    "B": "Negarse y explicar que todos los servicios deben registrarse por ley y transparencia",
    "C": "No registrar y no decir nada",
    "D": "Registrar pero no mostrar en factura",
    "Correcta": "B",
    "L": "B",
    "M": 1
  },
  {
    "ID": 66,
    "dto": "Recepcióon",
    "pregunta": "¿Qué implica una \"reserva fuera de reléase\" no cobrada?",
    "A": "Pérdida de ingresos garantizados por política de cancelación",
    "B": "Que el huésped se va feliz",
    "C": "No afecta al hotel",
    "D": "Que el PMS se actualiza solo",
    "Correcta": "A",
    "L": "A",
    "M": 1
  },
  {
    "ID": 67,
    "dto": "Recepcióon",
    "pregunta": "¿Por qué es clave que el turno de tarde verifique el estado de limpieza en PMS antes del check-in?",
    "A": "Para asignar habitaciones listas y evitar que el huésped espere",
    "B": "Para saber quién limpia mejor",
    "C": "Para castigar a Housekeeping",
    "D": "No es necesario",
    "Correcta": "A",
    "L": "A",
    "M": 1
  },
  {
    "ID": 68,
    "dto": "Recepcióon",
    "pregunta": "¿Qué debe hacer el turno de noche si un huésped pierde la llave?",
    "A": "Regañarle",
    "B": "Reemplazar la llave, codificar una nueva y registrar la incidencia",
    "C": "Decirle que duerma en el lobby",
    "D": "Esperar al turno de mañana",
    "Correcta": "B",
    "L": "B",
    "M": 1
  },
  {
    "ID": 69,
    "dto": "Recepcióon",
    "pregunta": "¿Qué se debe hacer si en el cierre de caja hay un descuadre?",
    "A": "Localizar el motivo antes de irse, revisando movimientos y tickets",
    "B": "Dejarlo para el turno de mañana",
    "C": "Ignorar si es pequeño",
    "D": "Firmar igual",
    "Correcta": "A",
    "L": "A",
    "M": 1
  },
  {
    "ID": 70,
    "dto": "Recepcióon",
    "pregunta": "¿Qué debe hacer el turno de mañana si un huésped VIP tiene una petición especial no registrada en PMS?",
    "A": "Registrarla inmediatamente como nota de huésped y coordinar con departamentos para cumplirla",
    "B": "Decir que no se puede",
    "C": "Esperar a que el huésped lo recuerde",
    "D": "No hacer nada",
    "Correcta": "A",
    "L": "A",
    "M": 1
  },
  {
    "ID": 71,
    "dto": "Recepcióon",
    "pregunta": "¿Qué debe hacer el turno de noche si una reserva de Hotelbeds no tiene teléfono?",
    "A": "Solicitarlo al cliente en el check-in",
    "B": "Ignorarlo",
    "C": "Cancelar la reserva",
    "D": "Esperar a que lo envíe por email",
    "Correcta": "A",
    "L": "A",
    "M": 1
  },
  {
    "ID": 72,
    "dto": "Recepcióon",
    "pregunta": "¿Qué debe hacer el turno de tarde si una reserva de Keytel es \"pago directo\"?",
    "A": "Facturar al cliente en bruto",
    "B": "Facturar a Keytel en neto",
    "C": "No facturar",
    "D": "Cancelar la reserva",
    "Correcta": "A",
    "L": "A",
    "M": 1
  },
  {
    "ID": 73,
    "dto": "Recepcióon",
    "pregunta": "¿Qué debe hacer el turno de mañana si una reserva de Synxis GDS incluye empresa y agencia?",
    "A": "Registrar solo la empresa",
    "B": "Registrar solo la agencia",
    "C": "Registrar ambos: \"Empresa / Agencia\"",
    "D": "Eliminar los datos",
    "Correcta": "C",
    "L": "C",
    "M": 1
  },
  {
    "ID": 74,
    "dto": "Recepcióon",
    "pregunta": "¿Qué debe hacer el turno de noche si una reserva de Booking.com es un no-show y no hay tarjeta válida?",
    "A": "Solicitar el cobro por no-show directamente a Booking.com a través del extranet",
    "B": "Cancelar sin más",
    "C": "No hacer nada",
    "D": "Cobrar al cliente por teléfono",
    "Correcta": "A",
    "L": "A",
    "M": 1
  },
  {
    "ID": 75,
    "dto": "Recepcióon",
    "pregunta": "¿Qué debe hacer el turno de mañana si una reserva de Traveltino no tiene bono adjunto?",
    "A": "Solicitarlo a la agencia antes de facturar",
    "B": "Cobrar al cliente",
    "C": "Esperar al turno de mañana",
    "D": "Ignorarla",
    "Correcta": "A",
    "L": "A",
    "M": 1
  }
]