[
  {
    "ID": 101,
    "dto": "Recepcióon",
    "pregunta": "¿Qué riesgo representa no adjuntar el bono en la facturación de una reserva de Keytel a crédito?",
    "A": "Que el cliente se queje por la demora",
    "B": "Que la agencia rechace el pago por falta de justificante",
    "C": "Que el PMS genere un error de sistema",
    "D": "Que Housekeeping no limpie la habitación",
    "Correcta": "B",
    "L": "B",
    "M": 1
  },
  {
    "ID": 102,
    "dto": "Recepcióon",
    "pregunta": "¿Por qué es crítico diferenciar entre Expedia Collect y Hotel Collect?",
    "A": "Porque determina quién paga (el cliente o Expedia) y a quién se factura",
    "B": "Porque afecta al tipo de habitación asignada",
    "C": "Porque cambia la política de cancelación",
    "D": "Porque modifica la comisión del hotel",
    "Correcta": "A",
    "L": "A",
    "M": 1
  },
  {
    "ID": 103,
    "dto": "Recepcióon",
    "pregunta": "En una reserva de Serhs, ¿por qué es importante registrar la subagencia real en el PMS?",
    "A": "Porque el bono puede venir de una agencia diferente a Serhs y la factura debe ir al pagador correcto",
    "B": "Porque el cliente lo solicita expresamente",
    "C": "Porque el sistema lo exige para imprimir el check-in",
    "D": "Porque afecta al cálculo del IVA",
    "Correcta": "A",
    "L": "A",
    "M": 1
  },
  {
    "ID": 104,
    "dto": "Recepcióon",
    "pregunta": "¿Qué debes hacer si una reserva GDS de Synxis incluye empresa y agencia?",
    "A": "Registrar solo la empresa",
    "B": "Registrar solo la agencia",
    "C": "Registrar ambas en el formato “Empresa / Agencia”",
    "D": "Ignorar los datos y usar nombre del huésped",
    "Correcta": "C",
    "L": "C",
    "M": 1
  },
  {
    "ID": 105,
    "dto": "Recepcióon",
    "pregunta": "¿Qué debes hacer si una reserva de HRS corresponde a una agencia externa (ej.: BCD Travel)?",
    "A": "Facturar a HRS",
    "B": "Facturar al huésped",
    "C": "Facturar a la agencia externa con el bono como respaldo",
    "D": "No facturar hasta recibir confirmación",
    "Correcta": "A",
    "L": "A",
    "M": 1
  },
  {
    "ID": 106,
    "dto": "Recepcióon",
    "pregunta": "¿Qué debes hacer si una reserva de Webhotel/Synergy incluye SPA?",
    "A": "Enviar al cliente un correo de firma de SPA, omitiendo la referencia al bono",
    "B": "Esperar a que el huésped lo solicite en recepción",
    "C": "Cobrar el SPA como extra no incluido",
    "D": "Registrar solo en el PMS sin comunicación",
    "Correcta": "A",
    "L": "A",
    "M": 1
  },
  {
    "ID": 107,
    "dto": "Recepcióon",
    "pregunta": "¿Cuándo se debe cobrar una reserva de Booking.com con tarifa No Reembolsable (NRF)?",
    "A": "Al hacer el check-in",
    "B": "24 horas antes de la llegada",
    "C": "En el momento en que se recibe la reserva",
    "D": "Una semana después de la salida",
    "Correcta": "C",
    "L": "C",
    "M": 1
  },
  {
    "ID": 108,
    "dto": "Recepcióon",
    "pregunta": "¿Qué debes hacer si una reserva de Booking.com con tarifa EBI se recibe con menos de 7 días para la llegada?",
    "A": "Tratarla como reembolsable",
    "B": "Esperar al check-in para cobrarla",
    "C": "Cobrarla inmediatamente, ya que pierde la condición de reembolsable",
    "D": "Cancelar la reserva",
    "Correcta": "C",
    "L": "C",
    "M": 1
  },
  {
    "ID": 109,
    "dto": "Recepcióon",
    "pregunta": "¿Qué procedimiento se debe seguir ante un no-show en Booking.com?",
    "A": "Esperar 24 horas para ver si el huésped llega",
    "B": "Solicitar el cobro por no-show a través del extranet de Booking",
    "C": "Cancelar la reserva sin más",
    "D": "Cobrar al número de tarjeta del huésped",
    "Correcta": "A",
    "L": "A",
    "M": 1
  },
  {
    "ID": 110,
    "dto": "Recepcióon",
    "pregunta": "¿Qué comisión se aplica a las reservas de Viajes El Corte Inglés marcadas como PYME?",
    "A": "0.15",
    "B": "0.18",
    "C": "0.19",
    "D": "0.2",
    "Correcta": "A",
    "L": "A",
    "M": 1
  },
  {
    "ID": 111,
    "dto": "Recepcióon",
    "pregunta": "¿Cómo se factura una reserva de Keytel con pago directo?",
    "A": "A nombre de Keytel en neto",
    "B": "A nombre del cliente en bruto",
    "C": "A nombre del hotel",
    "D": "Sin factura, solo recibo",
    "Correcta": "A",
    "L": "A",
    "M": 1
  },
  {
    "ID": 112,
    "dto": "Recepcióon",
    "pregunta": "¿Por qué es importante solicitar el teléfono en el check-in si no viene en la reserva?",
    "A": "Para enviar promociones futuras",
    "B": "Para poder contactar al huésped en caso de incidencias (ej.: averías, objetos olvidados)",
    "C": "Para cumplir con la ley de protección de datos",
    "D": "Para registrar en el libro de visitas",
    "Correcta": "B",
    "L": "B",
    "M": 1
  },
  {
    "ID": 113,
    "dto": "Recepcióon",
    "pregunta": "¿Qué debes hacer si no recibes el bono de una reserva de W2M?",
    "A": "Esperar al turno siguiente",
    "B": "Solicitarlo a la agencia antes de facturar",
    "C": "Cobrar al huésped como medida de seguridad",
    "D": "Facturar sin bono",
    "Correcta": "A",
    "L": "A",
    "M": 1
  },
  {
    "ID": 114,
    "dto": "Recepcióon",
    "pregunta": "¿Qué debes hacer si una reserva de Smartbox incluye tratamiento de spa?",
    "A": "Esperar a que el huésped lo solicite en recepción",
    "B": "Enviar un correo al departamento de spa para su preparación",
    "C": "Cobrar el tratamiento como extra",
    "D": "Registrar solo en el PMS",
    "Correcta": "A",
    "L": "A",
    "M": 1
  },
  {
    "ID": 115,
    "dto": "Recepcióon",
    "pregunta": "¿Por qué es necesario corregir el régimen en reservas de Weekendesk?",
    "A": "Porque suelen entrar como “solo alojamiento” aunque el bono incluya más servicios",
    "B": "Porque el cliente siempre pide cambios",
    "C": "Porque el PMS no permite regímenes combinados",
    "D": "Porque afecta al cálculo de comisiones",
    "Correcta": "A",
    "L": "A",
    "M": 1
  }
]