[
  {
    "ID": 76,
    "dto": "Recepcióon",
    "pregunta": "¿Qué canal utiliza tarjeta virtual exclusivamente cuando la reserva se hace en la web oficial del hotel?",
    "A": "Booking.com",
    "B": "Webhotel / Synergy",
    "C": "Expedia",
    "D": "Hotelbeds",
    "Correcta": "B",
    "L": "B",
    "M": 1
  },
  {
    "ID": 77,
    "dto": "Recepcióon",
    "pregunta": "¿Cómo aparecen las reservas de Booking.com en el Log Channel?",
    "A": "Como \"BOOKING DIRECT\"",
    "B": "Como \"BOOKINGS EUROPE BV\"",
    "C": "Como \"OTA - BOOKING\"",
    "D": "Como \"SYNCHRONIZED BOOKING\"",
    "Correcta": "B",
    "L": "B",
    "M": 1
  },
  {
    "ID": 78,
    "dto": "Recepcióon",
    "pregunta": "¿Qué debes hacer si una reserva de Smartbox entra como \"solo alojamiento\" pero el bono incluye desayuno?",
    "A": "Dejar la reserva tal como está en el PMS",
    "B": "Cobrar el desayuno como servicio extra",
    "C": "Corregir manualmente el régimen en el PMS para reflejar lo contratado en el bono",
    "D": "Esperar a que el cliente lo reclame",
    "Correcta": "C",
    "L": "C",
    "M": 1
  },
  {
    "ID": 79,
    "dto": "Recepcióon",
    "pregunta": "¿Qué tipo de canal requiere crear la reserva manualmente en el PMS porque no entra por el Log Channel?",
    "A": "Wonderbox",
    "B": "Expedia",
    "C": "Hotelbeds",
    "D": "Keytel",
    "Correcta": "A",
    "L": "A",
    "M": 1
  },
  {
    "ID": 80,
    "dto": "Recepcióon",
    "pregunta": "¿A quién se debe facturar una reserva de Expedia Collect (con tarjeta virtual)?",
    "A": "Al huésped que se aloja",
    "B": "Al departamento de marketing del hotel",
    "C": "A Expedia Global Services",
    "D": "Al canal de distribución local",
    "Correcta": "B",
    "L": "B",
    "M": 1
  },
  {
    "ID": 81,
    "dto": "Recepcióon",
    "pregunta": "¿Qué documento es obligatorio archivar junto a la factura para reservas de W2M?",
    "A": "La copia del DNI del huésped",
    "B": "El bono de la agencia",
    "C": "El correo de confirmación de llegada",
    "D": "El listado de Housekeeping",
    "Correcta": "B",
    "L": "B",
    "M": 1
  },
  {
    "ID": 82,
    "dto": "Recepcióon",
    "pregunta": "¿Qué significa activar la opción “Asume crédito” en una reserva de Weekendesk?",
    "A": "Que el cliente pagará en efectivo al salir",
    "B": "Que la estancia está cubierta por un bono y no se cobra al huésped",
    "C": "Que se aplica un descuento del 10%",
    "D": "Que la reserva es reembolsable",
    "Correcta": "B",
    "L": "B",
    "M": 1
  },
  {
    "ID": 83,
    "dto": "Recepcióon",
    "pregunta": "¿Cómo se debe facturar un “Bono Cumbria Bienestar”?",
    "A": "A nombre del cliente con IVA completo",
    "B": "A nombre de Cumbria Spa",
    "C": "A 0 €, anotando los servicios incluidos en observaciones",
    "D": "Como una venta normal con cargo al cliente",
    "Correcta": "C",
    "L": "C",
    "M": 1
  },
  {
    "ID": 84,
    "dto": "Recepcióon",
    "pregunta": "¿Cuál es la comisión habitual aplicada a las reservas de Traveltino?",
    "A": "0.15",
    "B": "0.18",
    "C": "0.19",
    "D": "0.2",
    "Correcta": "C",
    "L": "C",
    "M": 1
  },
  {
    "ID": 85,
    "dto": "Recepcióon",
    "pregunta": "¿Qué debes verificar en una reserva de Booking.com antes del check-in?",
    "A": "Si el huésped ha dejado propina en línea",
    "B": "Si la tarifa es reembolsable y qué tipo de pago tiene (VCC o en hotel)",
    "C": "Si la habitación tiene minibar",
    "D": "Si el huésped pertenece a un programa de fidelidad",
    "Correcta": "B",
    "L": "B",
    "M": 1
  },
  {
    "ID": 86,
    "dto": "Recepcióon",
    "pregunta": "¿En qué canal debes acceder a una intranet externa para identificar al pagador real?",
    "A": "Hotelbeds",
    "B": "Keytel",
    "C": "HRS",
    "D": "Wonderbox",
    "Correcta": "C",
    "L": "C",
    "M": 1
  },
  {
    "ID": 87,
    "dto": "Recepcióon",
    "pregunta": "¿Qué debes hacer si una reserva directa (Synxis) no tiene correo electrónico del huésped?",
    "A": "Esperar a que el cliente lo proporcione en el check-in",
    "B": "Añadirlo manualmente en el PMS para que funcione SoulGuest",
    "C": "Cancelar la integración con SoulGuest",
    "D": "Dejar la reserva sin email",
    "Correcta": "A",
    "L": "A",
    "M": 1
  },
  {
    "ID": 88,
    "dto": "Recepcióon",
    "pregunta": "¿Qué tipo de pago tienen todas las reservas de Hotelbeds?",
    "A": "Siempre en efectivo en recepción",
    "B": "Pago anticipado con tarjeta del huésped",
    "C": "Crédito, con cobro directo de la agencia",
    "D": "Directo con tarjeta virtual del canal",
    "Correcta": "C",
    "L": "C",
    "M": 1
  },
  {
    "ID": 89,
    "dto": "Recepcióon",
    "pregunta": "¿Cómo se identifica una tarifa PYME de Viajes El Corte Inglés?",
    "A": "Por el número de localizador",
    "B": "Por la presencia de “PYME” en el código de la reserva",
    "C": "Por el tipo de habitación reservada",
    "D": "Por la duración de la estancia",
    "Correcta": "B",
    "L": "B",
    "M": 1
  },
  {
    "ID": 90,
    "dto": "Recepcióon",
    "pregunta": "¿Qué ocurre si un cliente cancela un bono de EgoExperiencias con menos de 72 horas de antelación?",
    "A": "Se reembolsa el 50%",
    "B": "Se permite reprogramar sin coste",
    "C": "El bono se marca como consumido y no es reembolsable",
    "D": "Se cobra una penalización del 30%",
    "Correcta": "C",
    "L": "C",
    "M": 1
  },
  {
    "ID": 91,
    "dto": "Recepcióon",
    "pregunta": "¿Qué condición es necesaria para que SoulGuest envíe el enlace de check-in online?",
    "A": "Que la reserva sea de una OTA",
    "B": "Que el huésped haya pagado en efectivo",
    "C": "Que la reserva tenga email del cliente y garantía válida",
    "D": "Que sea una reserva de grupo",
    "Correcta": "C",
    "L": "C",
    "M": 1
  },
  {
    "ID": 92,
    "dto": "Recepcióon",
    "pregunta": "¿Cómo se deben tratar las noches adicionales en una reserva de Smartbox?",
    "A": "Como parte del bono original, con todos los servicios incluidos",
    "B": "Como alojamiento estándar sin extras del bono",
    "C": "Cobrándolas al 50% del precio normal",
    "D": "Regalándolas como cortesía",
    "Correcta": "A",
    "L": "A",
    "M": 1
  },
  {
    "ID": 93,
    "dto": "Recepcióon",
    "pregunta": "¿Dónde se debe registrar el número de bono y los servicios incluidos en una reserva de Weekendesk?",
    "A": "En el libro de registro físico",
    "B": "En las observaciones del PMS",
    "C": "En el sistema de nóminas",
    "D": "En el canal de WhatsApp del hotel",
    "Correcta": "B",
    "L": "B",
    "M": 1
  },
  {
    "ID": 94,
    "dto": "Recepcióon",
    "pregunta": "¿Qué debes hacer si una reserva de HRS indica “Pagadero por: AMEX GLOBAL BUSINESS TRAVEL SL”?",
    "A": "Facturar a HRS",
    "B": "Facturar al huésped",
    "C": "Facturar a AMEX GLOBAL BUSINESS TRAVEL SL",
    "D": "No facturar, ya que es un error",
    "Correcta": "C",
    "L": "C",
    "M": 1
  },
  {
    "ID": 95,
    "dto": "Recepcióon",
    "pregunta": "¿A quién se factura una reserva de Traveltino?",
    "A": "Al huésped",
    "B": "Al hotel",
    "C": "Al departamento de contabilidad",
    "D": "A Traveltino",
    "Correcta": "C",
    "L": "C",
    "M": 1
  },
  {
    "ID": 96,
    "dto": "Recepcióon",
    "pregunta": "¿Qué debes hacer si una reserva de Roiback no tiene garantía marcada en el PMS?",
    "A": "Emitir una preautorización con la tarjeta del huésped",
    "B": "Forzar la garantía en el PMS y activar SoulGuest manualmente",
    "C": "Cancelar la reserva",
    "D": "Esperar a que el sistema la actualice solo",
    "Correcta": "B",
    "L": "B",
    "M": 1
  },
  {
    "ID": 97,
    "dto": "Recepcióon",
    "pregunta": "¿Qué caracteriza a una reserva “Pago Directo” de Synxis?",
    "A": "Que la agencia paga por adelantado",
    "B": "Que se paga en el hotel sin comisión y es una reserva directa",
    "C": "Que se factura a una empresa extranjera",
    "D": "Que incluye desayuno gratuito",
    "Correcta": "B",
    "L": "B",
    "M": 1
  },
  {
    "ID": 98,
    "dto": "Recepcióon",
    "pregunta": "¿Qué debes hacer si una reserva de Serhs incluye una subagencia como “Alisios Tours”?",
    "A": "Registrar solo “Serhs” como agencia",
    "B": "Registrar “Alisios Tours” como agencia real en el PMS",
    "C": "No registrar ninguna agencia",
    "D": "Facturar a ambas por separado",
    "Correcta": "B",
    "L": "B",
    "M": 1
  },
  {
    "ID": 99,
    "dto": "Recepcióon",
    "pregunta": "¿Qué debes verificar en una reserva de Webhotel/Synergy que incluye una escapada?",
    "A": "Que el cliente ha firmado el bono de spa",
    "B": "Que el desglose en el PMS incluye la escapada y todos los extras contratados",
    "C": "Que la habitación tenga jacuzzi",
    "D": "Que el pago se haya realizado en efectivo",
    "Correcta": "B",
    "L": "B",
    "M": 1
  },
  {
    "ID": 100,
    "dto": "Recepcióon",
    "pregunta": "¿Qué debes hacer si una reserva de Booking.com no incluye número de teléfono?",
    "A": "No atender al huésped hasta que lo proporcione",
    "B": "Solicitarlo al huésped durante el check-in",
    "C": "Esperar a que Booking lo envíe",
    "D": "Cancelar la reserva por datos incompletos",
    "Correcta": "B",
    "L": "B",
    "M": 1
  }
]