[
  {
    "ID": 116,
    "dto": "Recepcióon",
    "pregunta": "Un cliente llega con un bono de Wonderbox. ¿Qué acción es obligatoria antes de crear la reserva?",
    "A": "Verificar la validez del bono en la intranet de Wonderbox",
    "B": "Cobrar una preautorización con tarjeta",
    "C": "Esperar a que el spa confirme disponibilidad",
    "D": "Solicitar copia del DNI por email",
    "Correcta": "A",
    "L": "A",
    "M": 1
  },
  {
    "ID": 117,
    "dto": "Recepcióon",
    "pregunta": "¿Qué consecuencia tiene facturar a un cliente de Hotelbeds en lugar de a la agencia?",
    "A": "Que el cliente se enfada",
    "B": "Que el hotel no recibe el pago de la agencia y asume la pérdida",
    "C": "Que el PMS se bloquea",
    "D": "Que Housekeeping no limpia la habitación",
    "Correcta": "B",
    "L": "B",
    "M": 1
  },
  {
    "ID": 118,
    "dto": "Recepcióon",
    "pregunta": "¿Qué debes hacer si una reserva de HRS aparece como “HRS - GROUP” pero el bono indica otro pagador?",
    "A": "Facturar a HRS",
    "B": "Facturar al pagador indicado en el bono",
    "C": "Facturar al huésped",
    "D": "No facturar hasta recibir aclaración",
    "Correcta": "B",
    "L": "B",
    "M": 1
  },
  {
    "ID": 119,
    "dto": "Recepcióon",
    "pregunta": "¿Por qué es esencial revisar las modificaciones posteriores en reservas de Keytel?",
    "A": "Porque suelen enviar cambios por correo que afectan al pago o servicios",
    "B": "Porque el PMS no las actualiza automáticamente",
    "C": "Porque el cliente siempre cambia de idea",
    "D": "Porque afecta a la comisión del recepcionista",
    "Correcta": "A",
    "L": "A",
    "M": 1
  },
  {
    "ID": 120,
    "dto": "Recepcióon",
    "pregunta": "¿Qué implica no corregir el régimen en una reserva de Smartbox que incluye desayuno?",
    "A": "Que el cliente no reciba el desayuno",
    "B": "Que el hotel facture de más",
    "C": "Que se genere una discrepancia entre lo pagado y lo registrado, afectando a la auditoría",
    "D": "Que Housekeeping no prepare la habitación",
    "Correcta": "C",
    "L": "C",
    "M": 1
  },
  {
    "ID": 121,
    "dto": "Recepcióon",
    "pregunta": "¿Qué debes hacer si una reserva de Booking.com con tarifa EBI se recibe con 10 días de antelación?",
    "A": "Cobrar inmediatamente",
    "B": "Programar el cobro para 7 días antes de la llegada",
    "C": "Esperar al check-in",
    "D": "Cancelar por error de canal",
    "Correcta": "B",
    "L": "B",
    "M": 1
  },
  {
    "ID": 122,
    "dto": "Recepcióon",
    "pregunta": "¿Qué riesgo hay si no se fuerza SoulGuest en una reserva directa sin email?",
    "A": "Que el cliente no reciba confirmación ni enlace de pago",
    "B": "Que el PMS se bloquee",
    "C": "Que la agencia cancele la reserva",
    "D": "Que Housekeeping no reciba la asignación",
    "Correcta": "A",
    "L": "A",
    "M": 1
  },
  {
    "ID": 123,
    "dto": "Recepcióon",
    "pregunta": "¿Qué debes hacer si una reserva de Webhotel/Synergy incluye una botella de vino como extra?",
    "A": "Verificar que aparezca en el desglose final del PMS",
    "B": "Cobrarla aparte en el check-out",
    "C": "Regalarla si el cliente es habitual",
    "D": "Esperar a que el cliente la reclame",
    "Correcta": "A",
    "L": "A",
    "M": 1
  },
  {
    "ID": 124,
    "dto": "Recepcióon",
    "pregunta": "¿Por qué es importante registrar la subagencia en reservas de Serhs?",
    "A": "Porque la comisión varía según la agencia real",
    "B": "Porque la factura debe ir al pagador correcto para asegurar el cobro",
    "C": "Porque el cliente lo exige",
    "D": "Porque afecta a la asignación de habitaciones",
    "Correcta": "B",
    "L": "B",
    "M": 1
  },
  {
    "ID": 125,
    "dto": "Recepcióon",
    "pregunta": "¿Qué debes hacer si una reserva de Expedia Collect no tiene tarjeta virtual visible?",
    "A": "Contactar con Expedia para verificar los datos",
    "B": "Cobrar al cliente en recepción",
    "C": "Facturar igual a Expedia",
    "D": "Esperar al turno de noche",
    "Correcta": "A",
    "L": "A",
    "M": 1
  },
  {
    "ID": 126,
    "dto": "Recepcióon",
    "pregunta": "¿Qué significa que una reserva de Synxis sea “GDS Amadeus”?",
    "A": "Que proviene de una agencia conectada vía GDS y debe registrarse con empresa y agencia",
    "B": "Que es una reserva directa del cliente",
    "C": "Que se paga en efectivo",
    "D": "Que no lleva comisión",
    "Correcta": "A",
    "L": "A",
    "M": 1
  },
  {
    "ID": 127,
    "dto": "Recepcióon",
    "pregunta": "¿Qué debes hacer si una reserva de Bono Cumbria no tiene número de bono en recepción?",
    "A": "Comprobar el número con el Spa y anotarlo en el PMS",
    "B": "Cancelar la estancia",
    "C": "Cobrar como una reserva normal",
    "D": "Esperar a que el cliente lo proporcione al salir",
    "Correcta": "A",
    "L": "A",
    "M": 1
  },
  {
    "ID": 128,
    "dto": "Recepcióon",
    "pregunta": "¿Por qué es crítico archivar el bono de Wonderbox junto a la factura?",
    "A": "Porque es el único justificante de que la estancia está cubierta",
    "B": "Porque el cliente lo solicita",
    "C": "Porque el PMS lo exige",
    "D": "Porque se necesita para el IVA",
    "Correcta": "B",
    "L": "B",
    "M": 1
  },
  {
    "ID": 129,
    "dto": "Recepcióon",
    "pregunta": "¿Qué debes hacer si una reserva de Traveltino no incluye comisión en el PMS?",
    "A": "Aplicar manualmente el 19% en la facturación",
    "B": "Esperar a que el sistema la calcule",
    "C": "Cobrar al cliente la diferencia",
    "D": "Facturar en bruto sin comisión",
    "Correcta": "A",
    "L": "A",
    "M": 1
  },
  {
    "ID": 130,
    "dto": "Recepcióon",
    "pregunta": "¿Qué implica no registrar una petición especial (ej.: cuna) en el PMS?",
    "A": "Que Housekeeping no la prepare y el cliente tenga una mala experiencia",
    "B": "Que el hotel pierda la comisión",
    "C": "Que la OTA cancele la reserva",
    "D": "Que el PMS genere un error",
    "Correcta": "B",
    "L": "B",
    "M": 1
  },
  {
    "ID": 131,
    "dto": "Recepcióon",
    "pregunta": "¿Qué debes hacer si una reserva de Weekendesk incluye cena romántica?",
    "A": "Verificar que el desglose diario en el PMS incluya la cena con su precio",
    "B": "Cobrarla aparte en el restaurante",
    "C": "Esperar a que el cliente la solicite",
    "D": "Registrar solo el alojamiento",
    "Correcta": "A",
    "L": "A",
    "M": 1
  },
  {
    "ID": 132,
    "dto": "Recepcióon",
    "pregunta": "¿Por qué es importante que el número de bono de Smartbox esté en las observaciones del PMS?",
    "A": "Para facilitar la auditoría y la trazabilidad del servicio",
    "B": "Porque el cliente lo pide",
    "C": "Porque el sistema lo requiere para imprimir",
    "D": "Porque afecta al cálculo del IVA",
    "Correcta": "A",
    "L": "A",
    "M": 1
  },
  {
    "ID": 133,
    "dto": "Recepcióon",
    "pregunta": "¿Qué debes hacer si una reserva de Webhotel/Synergy no está pagada y es No Reembolsable?",
    "A": "Realizar un depósito con la tarjeta proporcionada",
    "B": "Esperar al check-in para cobrar",
    "C": "Cancelar la reserva",
    "D": "Ofrecer cambio de tarifa",
    "Correcta": "A",
    "L": "A",
    "M": 1
  },
  {
    "ID": 134,
    "dto": "Recepcióon",
    "pregunta": "¿Qué riesgo hay si se cobra a un cliente de W2M en recepción?",
    "A": "Que el cliente se queje",
    "B": "Que la agencia no pague y el hotel cobre dos veces",
    "C": "Que Housekeeping no limpie",
    "D": "Que el PMS se bloquee",
    "Correcta": "B",
    "L": "B",
    "M": 1
  },
  {
    "ID": 135,
    "dto": "Recepcióon",
    "pregunta": "¿Qué debes hacer si una reserva de HRS es de pago directo pero no tiene tarjeta?",
    "A": "Solicitar método de pago en el check-in",
    "B": "Cancelar la reserva",
    "C": "Facturar sin cobro",
    "D": "Esperar a que HRS envíe VCC",
    "Correcta": "A",
    "L": "A",
    "M": 1
  },
  {
    "ID": 136,
    "dto": "Recepcióon",
    "pregunta": "¿Por qué es esencial revisar el Log Channel al final del turno?",
    "A": "Para verificar que las garantías, releases y bonos coincidan con la política del canal",
    "B": "Porque el gerente lo exige diariamente",
    "C": "Porque se genera un informe automático",
    "D": "Porque afecta al cierre de caja",
    "Correcta": "A",
    "L": "A",
    "M": 1
  },
  {
    "ID": 137,
    "dto": "Recepcióon",
    "pregunta": "¿Qué debes hacer si una reserva de Booking.com tiene apellidos incorrectos?",
    "A": "Corregir manualmente en el PMS para coincidir con el DNI",
    "B": "Dejarlo como está",
    "C": "Cancelar la reserva",
    "D": "Notificar a Booking para que lo corrija",
    "Correcta": "A",
    "L": "A",
    "M": 1
  },
  {
    "ID": 138,
    "dto": "Recepcióon",
    "pregunta": "¿Qué implica no pulsar “Asume crédito” en una reserva de Smartbox?",
    "A": "Que el sistema trate la reserva como pago en efectivo y genere errores en la auditoría",
    "B": "Que el cliente no pueda hacer check-in",
    "C": "Que Housekeeping no reciba la asignación",
    "D": "Que el spa no prepare el tratamiento",
    "Correcta": "A",
    "L": "A",
    "M": 1
  },
  {
    "ID": 139,
    "dto": "Recepcióon",
    "pregunta": "¿Qué debes hacer si una reserva de EgoExperiencias no tiene marca de cofre en el PMS?",
    "A": "Registrar manualmente la marca del cofre regalo (ej.: EgoExperiencias)",
    "B": "Dejarlo en blanco",
    "C": "Cancelar la reserva",
    "D": "Esperar a que el cliente lo indique",
    "Correcta": "A",
    "L": "A",
    "M": 1
  },
  {
    "ID": 140,
    "dto": "Recepcióon",
    "pregunta": "¿Por qué es importante que las noches adicionales en Smartbox se registren solo como alojamiento?",
    "A": "Porque el bono original no cubre extras para noches adicionales",
    "B": "Porque el cliente así lo solicita",
    "C": "Porque el PMS no permite otro régimen",
    "D": "Porque afecta a la comisión",
    "Correcta": "B",
    "L": "B",
    "M": 1
  },
  {
    "ID": 141,
    "dto": "Recepcióon",
    "pregunta": "¿Qué debes hacer si una reserva de Viajes El Corte Inglés no tiene número de bono?",
    "A": "Solicitarlo a la agencia antes de facturar",
    "B": "Cobrar al cliente",
    "C": "Facturar sin bono",
    "D": "Esperar al turno de mañana",
    "Correcta": "A",
    "L": "A",
    "M": 1
  },
  {
    "ID": 142,
    "dto": "Recepcióon",
    "pregunta": "¿Qué consecuencia tiene facturar en bruto una reserva de Hotelbeds?",
    "A": "Que el hotel declare ingresos mayores de los reales y pague más impuestos",
    "B": "Que el cliente reciba factura incorrecta",
    "C": "Que Housekeeping no limpie",
    "D": "Que el PMS se bloquee",
    "Correcta": "A",
    "L": "A",
    "M": 1
  },
  {
    "ID": 143,
    "dto": "Recepcióon",
    "pregunta": "¿Qué debes hacer si una reserva de Keytel tiene dos bonos adjuntos?",
    "A": "Usar el más reciente y archivar ambos",
    "B": "Usar el primero que llegó",
    "C": "Ignorar los bonos y facturar al cliente",
    "D": "Cancelar la reserva",
    "Correcta": "A",
    "L": "A",
    "M": 1
  },
  {
    "ID": 144,
    "dto": "Recepcióon",
    "pregunta": "¿Por qué es importante que el desglose diario en Weekendesk coincida con el valor del bono?",
    "A": "Porque es un requisito para la auditoría interna y externa",
    "B": "Porque el cliente lo exige",
    "C": "Porque el PMS lo requiere para cerrar",
    "D": "Que afecta a la comisión del recepcionista",
    "Correcta": "A",
    "L": "A",
    "M": 1
  },
  {
    "ID": 145,
    "dto": "Recepcióon",
    "pregunta": "¿Qué debes hacer si una reserva de Serhs no especifica si es prepago o crédito?",
    "A": "Revisar el bono o contactar con la agencia para confirmar",
    "B": "Asignar como prepago por defecto",
    "C": "Asignar como crédito por defecto",
    "D": "Cancelar la reserva",
    "Correcta": "A",
    "L": "A",
    "M": 1
  },
  {
    "ID": 146,
    "dto": "Recepcióon",
    "pregunta": "¿Qué implica no archivar el bono de Traveltino?",
    "A": "Que la agencia rechace la factura por falta de documentación",
    "B": "Que el cliente no pueda salir del hotel",
    "C": "Que el PMS genere un error",
    "D": "Que Housekeeping no limpie",
    "Correcta": "A",
    "L": "A",
    "M": 1
  },
  {
    "ID": 147,
    "dto": "Recepcióon",
    "pregunta": "¿Qué debes hacer si una reserva de Webhotel/Synergy incluye flores pero no aparecen en el PMS?",
    "A": "Añadir manualmente el cargo para que el desglose coincida con lo contratado",
    "B": "Esperar a que el sistema lo actualice",
    "C": "Cobrar en el check-out",
    "D": "Regalar las flores",
    "Correcta": "A",
    "L": "A",
    "M": 1
  },
  {
    "ID": 148,
    "dto": "Recepcióon",
    "pregunta": "¿Por qué es esencial verificar el tipo de tarifa en Booking.com al recibir la reserva?",
    "A": "Porque determina cuándo y cómo se debe cobrar, y si hay riesgo de no-show",
    "B": "Que afecta a la asignación de habitación",
    "C": "Que modifica la comisión del hotel",
    "D": "Que cambia el régimen de desayuno",
    "Correcta": "A",
    "L": "A",
    "M": 1
  },
  {
    "ID": 149,
    "dto": "Recepcióon",
    "pregunta": "¿Qué debes hacer si una reserva de Expedia Collect tiene una VCC caducada?",
    "A": "Contactar con Expedia para obtener una nueva",
    "B": "Cobrar al cliente en recepción",
    "C": "Facturar igual a Expedia",
    "D": "Esperar a que el sistema la actualice",
    "Correcta": "A",
    "L": "A",
    "M": 1
  },
  {
    "ID": 150,
    "dto": "Recepcióon",
    "pregunta": "¿Qué riesgo hay si se factura a nombre de “Serhs” en lugar de la subagencia real?",
    "A": "Que la subagencia no reconozca la factura y no pague",
    "B": "Que el cliente se queje",
    "C": "Que el PMS se bloquee",
    "D": "Que Housekeeping no limpie",
    "Correcta": "A",
    "L": "A",
    "M": 1
  },
  {
    "ID": 151,
    "dto": "Recepcióon",
    "pregunta": "¿Qué riesgo hay si se factura a nombre de “Serhs” en lugar de la subagencia real?",
    "A": "Que la subagencia no reconozca la factura y no pague",
    "B": "Que el cliente se queje",
    "C": "Que el PMS se bloquee",
    "D": "Que Housekeeping no limpie",
    "Correcta": "A",
    "L": "A",
    "M": 0
  }
]